{
  "version": 2,
  "builds": [
    {
      "src": "package.json",
      "use": "@vercel/static-build",
      "config": {
        "distDir": "dist"
      }
    },
    {
      "src": "server-1/src/index.ts",
      "use": "@vercel/node"
    }
  ],
  "routes": [
    {
      "src": "/api/(.*)",
      "dest": "server-1/src/index.ts"
    },
    {
      "src": "/favicon.ico",
      "dest": "/favicon.ico"
    },
    {
      "src": "/assets/(.*)",
      "dest": "/assets/$1"
    },
    {
      "src": "/(.*\\.(js|css|svg|png|jpg|jpeg|gif|ico|woff|woff2|ttf|eot))",
      "dest": "/$1"
    },
    {
      "src": "/(.*)",
      "dest": "/index.html"
    }
  ],
  "env": {
    "NODE_ENV": "production",
    "VERCEL": "1",
    "VITE_VERCEL": "1"
  }
}
